idna_subject,checker_type,destination,source,tested_at,session_id
db5sch101110923.wns.windows.com,AVAILABILITY,origin.list,origin.list,2001-07-21 01:20:52.208765,563a9b455cee5fdb548f116b
db5sch101110929.wns.windows.com,AVAILABILITY,origin.list,origin.list,2001-07-21 01:20:52.216177,563a9b455cee5fdb548f116b
db5sch103081814.wns.windows.com,AVAILABILITY,origin.list,origin.list,2001-07-21 01:20:52.223239,563a9b455cee5fdb548f116b
db5sch103081913.wns.windows.com,AVAILABILITY,origin.list,origin.list,2001-07-21 01:20:52.229962,563a9b455cee5fdb548f116b
db5sch103082011.wns.windows.com,AVAILABILITY,origin.list,origin.list,2001-07-21 01:20:52.237757,563a9b455cee5fdb548f116b
db5sch103082111.wns.windows.com,AVAILABILITY,origin.list,origin.list,2001-07-21 01:20:52.244543,563a9b455cee5fdb548f116b
db5sch103082308.wns.windows.com,AVAILABILITY,origin.list,origin.list,2001-07-21 01:20:52.251274,563a9b455cee5fdb548f116b
db5sch103082406.wns.windows.com,AVAILABILITY,origin.list,origin.list,2001-07-21 01:20:52.257540,563a9b455cee5fdb548f116b
db5sch103082409.wns.windows.com,AVAILABILITY,origin.list,origin.list,2001-07-21 01:20:52.268239,563a9b455cee5fdb548f116b
db5sch103082609.wns.windows.com,AVAILABILITY,origin.list,origin.list,2001-07-21 01:20:52.275486,563a9b455cee5fdb548f116b
db5sch103082611.wns.windows.com,AVAILABILITY,origin.list,origin.list,2001-07-21 01:20:52.282912,563a9b455cee5fdb548f116b
db5sch103082709.wns.windows.com,AVAILABILITY,origin.list,origin.list,2001-07-21 01:20:52.289982,563a9b455cee5fdb548f116b
db5sch103082712.wns.windows.com,AVAILABILITY,origin.list,origin.list,2001-07-21 01:20:52.296989,563a9b455cee5fdb548f116b
db5sch103082806.wns.windows.com,AVAILABILITY,origin.list,origin.list,2001-07-21 01:20:52.304668,563a9b455cee5fdb548f116b
db5sch103090115.wns.windows.com,AVAILABILITY,origin.list,origin.list,2001-07-21 01:20:52.311568,563a9b455cee5fdb548f116b
db5sch103090210.wns.windows.com,AVAILABILITY,origin.list,origin.list,2001-07-21 01:20:52.317907,563a9b455cee5fdb548f116b
db5sch103090414.wns.windows.com,AVAILABILITY,origin.list,origin.list,2001-07-21 01:20:52.324211,563a9b455cee5fdb548f116b
db5sch103090415.wns.windows.com,AVAILABILITY,origin.list,origin.list,2001-07-21 01:20:52.329817,563a9b455cee5fdb548f116b
db5sch103090513.wns.windows.com,AVAILABILITY,origin.list,origin.list,2001-07-21 01:20:52.336815,563a9b455cee5fdb548f116b
db5sch103090515.wns.windows.com,AVAILABILITY,origin.list,origin.list,2001-07-21 01:20:52.343452,563a9b455cee5fdb548f116b
db5sch103090608.wns.windows.com,AVAILABILITY,origin.list,origin.list,2001-07-21 01:20:52.349233,563a9b455cee5fdb548f116b
db5sch103090806.wns.windows.com,AVAILABILITY,origin.list,origin.list,2001-07-21 01:20:52.356392,563a9b455cee5fdb548f116b
db5sch103090814.wns.windows.com,AVAILABILITY,origin.list,origin.list,2001-07-21 01:20:52.366596,563a9b455cee5fdb548f116b
db5sch103090906.wns.windows.com,AVAILABILITY,origin.list,origin.list,2001-07-21 01:20:52.373897,563a9b455cee5fdb548f116b
db5sch103091011.wns.windows.com,AVAILABILITY,origin.list,origin.list,2001-07-21 01:20:52.379790,563a9b455cee5fdb548f116b
db5sch103091012.wns.windows.com,AVAILABILITY,origin.list,origin.list,2001-07-21 01:20:52.386959,563a9b455cee5fdb548f116b
db5sch103091106.wns.windows.com,AVAILABILITY,origin.list,origin.list,2001-07-21 01:20:52.393763,563a9b455cee5fdb548f116b
db5sch103091108.wns.windows.com,AVAILABILITY,origin.list,origin.list,2001-07-21 01:20:52.399767,563a9b455cee5fdb548f116b
db5sch103091212.wns.windows.com,AVAILABILITY,origin.list,origin.list,2001-07-21 01:20:52.406370,563a9b455cee5fdb548f116b
db5sch103091311.wns.windows.com,AVAILABILITY,origin.list,origin.list,2001-07-21 01:20:52.412547,563a9b455cee5fdb548f116b
db5sch103091313.wns.windows.com,AVAILABILITY,origin.list,origin.list,2001-07-21 01:20:52.418804,563a9b455cee5fdb548f116b
db5sch103091414.wns.windows.com,AVAILABILITY,origin.list,origin.list,2001-07-21 01:20:52.425969,563a9b455cee5fdb548f116b
db5sch103091511.wns.windows.com,AVAILABILITY,origin.list,origin.list,2001-07-21 01:20:52.431977,563a9b455cee5fdb548f116b
db5sch103091609.wns.windows.com,AVAILABILITY,origin.list,origin.list,2001-07-21 01:20:52.438947,563a9b455cee5fdb548f116b
db5sch103091617.wns.windows.com,AVAILABILITY,origin.list,origin.list,2001-07-21 01:20:52.445243,563a9b455cee5fdb548f116b
db5sch103091715.wns.windows.com,AVAILABILITY,origin.list,origin.list,2001-07-21 01:20:52.451552,563a9b455cee5fdb548f116b
db5sch103091817.wns.windows.com,AVAILABILITY,origin.list,origin.list,2001-07-21 01:20:52.459539,563a9b455cee5fdb548f116b
db5sch103091908.wns.windows.com,AVAILABILITY,origin.list,origin.list,2001-07-21 01:20:52.468001,563a9b455cee5fdb548f116b
db5sch103091911.wns.windows.com,AVAILABILITY,origin.list,origin.list,2001-07-21 01:20:52.474938,563a9b455cee5fdb548f116b
db5sch103092010.wns.windows.com,AVAILABILITY,origin.list,origin.list,2001-07-21 01:20:52.481495,563a9b455cee5fdb548f116b
db5sch103092108.wns.windows.com,AVAILABILITY,origin.list,origin.list,2001-07-21 01:20:52.491007,563a9b455cee5fdb548f116b
db5sch103092109.wns.windows.com,AVAILABILITY,origin.list,origin.list,2001-07-21 01:20:52.498030,563a9b455cee5fdb548f116b
db5sch103092209.wns.windows.com,AVAILABILITY,origin.list,origin.list,2001-07-21 01:20:52.505317,563a9b455cee5fdb548f116b
db5sch103092210.wns.windows.com,AVAILABILITY,origin.list,origin.list,2001-07-21 01:20:52.512339,563a9b455cee5fdb548f116b
db5sch103092509.wns.windows.com,AVAILABILITY,origin.list,origin.list,2001-07-21 01:20:52.519378,563a9b455cee5fdb548f116b
db5sch103100117.wns.windows.com,AVAILABILITY,origin.list,origin.list,2001-07-21 01:20:52.527388,563a9b455cee5fdb548f116b
db5sch103100121.wns.windows.com,AVAILABILITY,origin.list,origin.list,2001-07-21 01:20:52.534979,563a9b455cee5fdb548f116b
db5sch103100221.wns.windows.com,AVAILABILITY,origin.list,origin.list,2001-07-21 01:20:52.542179,563a9b455cee5fdb548f116b
db5sch103100313.wns.windows.com,AVAILABILITY,origin.list,origin.list,2001-07-21 01:20:52.549504,563a9b455cee5fdb548f116b
db5sch103100314.wns.windows.com,AVAILABILITY,origin.list,origin.list,2001-07-21 01:20:52.556515,563a9b455cee5fdb548f116b
db5sch103100412.wns.windows.com,AVAILABILITY,origin.list,origin.list,2001-07-21 01:20:52.563132,563a9b455cee5fdb548f116b
db5sch103100510.wns.windows.com,AVAILABILITY,origin.list,origin.list,2001-07-21 01:20:52.570080,563a9b455cee5fdb548f116b
db5sch103100511.wns.windows.com,AVAILABILITY,origin.list,origin.list,2001-07-21 01:20:52.577148,563a9b455cee5fdb548f116b
db5sch103100611.wns.windows.com,AVAILABILITY,origin.list,origin.list,2001-07-21 01:20:52.583834,563a9b455cee5fdb548f116b
db5sch103100712.wns.windows.com,AVAILABILITY,origin.list,origin.list,2001-07-21 01:20:52.590870,563a9b455cee5fdb548f116b
db5sch103101105.wns.windows.com,AVAILABILITY,origin.list,origin.list,2001-07-21 01:20:52.597642,563a9b455cee5fdb548f116b
db5sch103101208.wns.windows.com,AVAILABILITY,origin.list,origin.list,2001-07-21 01:20:52.605414,563a9b455cee5fdb548f116b
db5sch103101212.wns.windows.com,AVAILABILITY,origin.list,origin.list,2001-07-21 01:20:52.612712,563a9b455cee5fdb548f116b
db5sch103101314.wns.windows.com,AVAILABILITY,origin.list,origin.list,2001-07-21 01:20:52.619446,563a9b455cee5fdb548f116b
db5sch103101411.wns.windows.com,AVAILABILITY,origin.list,origin.list,2001-07-21 01:20:52.626890,563a9b455cee5fdb548f116b
db5sch103101413.wns.windows.com,AVAILABILITY,origin.list,origin.list,2001-07-21 01:20:52.633542,563a9b455cee5fdb548f116b
db5sch103101513.wns.windows.com,AVAILABILITY,origin.list,origin.list,2001-07-21 01:20:52.640899,563a9b455cee5fdb548f116b
db5sch103101610.wns.windows.com,AVAILABILITY,origin.list,origin.list,2001-07-21 01:20:52.649174,563a9b455cee5fdb548f116b
db5sch103101611.wns.windows.com,AVAILABILITY,origin.list,origin.list,2001-07-21 01:20:52.655804,563a9b455cee5fdb548f116b
db5sch103101705.wns.windows.com,AVAILABILITY,origin.list,origin.list,2001-07-21 01:20:52.663038,563a9b455cee5fdb548f116b
db5sch103101711.wns.windows.com,AVAILABILITY,origin.list,origin.list,2001-07-21 01:20:52.671724,563a9b455cee5fdb548f116b
db5sch103101813.wns.windows.com,AVAILABILITY,origin.list,origin.list,2001-07-21 01:20:52.678999,563a9b455cee5fdb548f116b
db5sch103101909.wns.windows.com,AVAILABILITY,origin.list,origin.list,2001-07-21 01:20:52.686447,563a9b455cee5fdb548f116b
db5sch103101914.wns.windows.com,AVAILABILITY,origin.list,origin.list,2001-07-21 01:20:52.693283,563a9b455cee5fdb548f116b
db5sch103102009.wns.windows.com,AVAILABILITY,origin.list,origin.list,2001-07-21 01:20:52.702791,563a9b455cee5fdb548f116b
db5sch103102112.wns.windows.com,AVAILABILITY,origin.list,origin.list,2001-07-21 01:20:52.711444,563a9b455cee5fdb548f116b
db5sch103102203.wns.windows.com,AVAILABILITY,origin.list,origin.list,2001-07-21 01:20:52.719558,563a9b455cee5fdb548f116b
db5sch103102209.wns.windows.com,AVAILABILITY,origin.list,origin.list,2001-07-21 01:20:52.728009,563a9b455cee5fdb548f116b
db5sch103102310.wns.windows.com,AVAILABILITY,origin.list,origin.list,2001-07-21 01:20:52.736310,563a9b455cee5fdb548f116b
db5sch103102404.wns.windows.com,AVAILABILITY,origin.list,origin.list,2001-07-21 01:20:52.744554,563a9b455cee5fdb548f116b
db5sch103102410.wns.windows.com,AVAILABILITY,origin.list,origin.list,2001-07-21 01:20:52.753014,563a9b455cee5fdb548f116b
db5sch103102516.wns.windows.com,AVAILABILITY,origin.list,origin.list,2001-07-21 01:20:52.761768,563a9b455cee5fdb548f116b
db5sch103102609.wns.windows.com,AVAILABILITY,origin.list,origin.list,2001-07-21 01:20:52.771445,563a9b455cee5fdb548f116b
db5sch103102610.wns.windows.com,AVAILABILITY,origin.list,origin.list,2001-07-21 01:20:52.780067,563a9b455cee5fdb548f116b
db5sch103102710.wns.windows.com,AVAILABILITY,origin.list,origin.list,2001-07-21 01:20:52.788341,563a9b455cee5fdb548f116b
db5sch103102711.wns.windows.com,AVAILABILITY,origin.list,origin.list,2001-07-21 01:20:52.796893,563a9b455cee5fdb548f116b
db5sch103102805.wns.windows.com,AVAILABILITY,origin.list,origin.list,2001-07-21 01:20:52.806097,563a9b455cee5fdb548f116b
db5wns1d.wns.windows.com,AVAILABILITY,origin.list,origin.list,2001-07-21 01:20:52.814660,563a9b455cee5fdb548f116b
db6sch102090104.wns.windows.com,AVAILABILITY,origin.list,origin.list,2001-07-21 01:20:52.822955,563a9b455cee5fdb548f116b
db6sch102090109.wns.windows.com,AVAILABILITY,origin.list,origin.list,2001-07-21 01:20:52.831729,563a9b455cee5fdb548f116b
db6sch102090112.wns.windows.com,AVAILABILITY,origin.list,origin.list,2001-07-21 01:20:52.840065,563a9b455cee5fdb548f116b
db6sch102090116.wns.windows.com,AVAILABILITY,origin.list,origin.list,2001-07-21 01:20:52.849049,563a9b455cee5fdb548f116b
db6sch102090122.wns.windows.com,AVAILABILITY,origin.list,origin.list,2001-07-21 01:20:52.857148,563a9b455cee5fdb548f116b
db6sch102090203.wns.windows.com,AVAILABILITY,origin.list,origin.list,2001-07-21 01:20:52.865718,563a9b455cee5fdb548f116b
db6sch102090206.wns.windows.com,AVAILABILITY,origin.list,origin.list,2001-07-21 01:20:52.874994,563a9b455cee5fdb548f116b
db6sch102090208.wns.windows.com,AVAILABILITY,origin.list,origin.list,2001-07-21 01:20:52.883074,563a9b455cee5fdb548f116b
db6sch102090209.wns.windows.com,AVAILABILITY,origin.list,origin.list,2001-07-21 01:20:52.890872,563a9b455cee5fdb548f116b
db6sch102090210.wns.windows.com,AVAILABILITY,origin.list,origin.list,2001-07-21 01:20:52.897712,563a9b455cee5fdb548f116b
db6sch102090211.wns.windows.com,AVAILABILITY,origin.list,origin.list,2001-07-21 01:20:52.904790,563a9b455cee5fdb548f116b
db6sch102090212.wns.windows.com,AVAILABILITY,origin.list,origin.list,2001-07-21 01:20:52.912492,563a9b455cee5fdb548f116b
db6sch102090305.wns.windows.com,AVAILABILITY,origin.list,origin.list,2001-07-21 01:20:52.919290,563a9b455cee5fdb548f116b
db6sch102090306.wns.windows.com,AVAILABILITY,origin.list,origin.list,2001-07-21 01:20:52.926798,563a9b455cee5fdb548f116b
db6sch102090308.wns.windows.com,AVAILABILITY,origin.list,origin.list,2001-07-21 01:20:52.933917,563a9b455cee5fdb548f116b
db6sch102090311.wns.windows.com,AVAILABILITY,origin.list,origin.list,2001-07-21 01:20:52.941500,563a9b455cee5fdb548f116b
db6sch102090313.wns.windows.com,AVAILABILITY,origin.list,origin.list,2001-07-21 01:20:52.948015,563a9b455cee5fdb548f116b
db6sch102090410.wns.windows.com,AVAILABILITY,origin.list,origin.list,2001-07-21 01:20:52.956423,563a9b455cee5fdb548f116b
db6sch102090412.wns.windows.com,AVAILABILITY,origin.list,origin.list,2001-07-21 01:20:52.963906,563a9b455cee5fdb548f116b
db6sch102090504.wns.windows.com,AVAILABILITY,origin.list,origin.list,2001-07-21 01:20:52.972306,563a9b455cee5fdb548f116b
db6sch102090510.wns.windows.com,AVAILABILITY,origin.list,origin.list,2001-07-21 01:20:52.981220,563a9b455cee5fdb548f116b
db6sch102090512.wns.windows.com,AVAILABILITY,origin.list,origin.list,2001-07-21 01:20:52.989016,563a9b455cee5fdb548f116b
db6sch102090513.wns.windows.com,AVAILABILITY,origin.list,origin.list,2001-07-21 01:20:52.997902,563a9b455cee5fdb548f116b
db6sch102090514.wns.windows.com,AVAILABILITY,origin.list,origin.list,2001-07-21 01:20:53.005580,563a9b455cee5fdb548f116b
db6sch102090519.wns.windows.com,AVAILABILITY,origin.list,origin.list,2001-07-21 01:20:53.013576,563a9b455cee5fdb548f116b
db6sch102090613.wns.windows.com,AVAILABILITY,origin.list,origin.list,2001-07-21 01:20:53.022157,563a9b455cee5fdb548f116b
db6sch102090619.wns.windows.com,AVAILABILITY,origin.list,origin.list,2001-07-21 01:20:53.030588,563a9b455cee5fdb548f116b
db6sch102090810.wns.windows.com,AVAILABILITY,origin.list,origin.list,2001-07-21 01:20:53.037611,563a9b455cee5fdb548f116b
db6sch102090811.wns.windows.com,AVAILABILITY,origin.list,origin.list,2001-07-21 01:20:53.046495,563a9b455cee5fdb548f116b
db6sch102090902.wns.windows.com,AVAILABILITY,origin.list,origin.list,2001-07-21 01:20:53.054798,563a9b455cee5fdb548f116b
db6sch102090905.wns.windows.com,AVAILABILITY,origin.list,origin.list,2001-07-21 01:20:53.063176,563a9b455cee5fdb548f116b
db6sch102090907.wns.windows.com,AVAILABILITY,origin.list,origin.list,2001-07-21 01:20:53.072289,563a9b455cee5fdb548f116b
db6sch102090908.wns.windows.com,AVAILABILITY,origin.list,origin.list,2001-07-21 01:20:53.081029,563a9b455cee5fdb548f116b
db6sch102090910.wns.windows.com,AVAILABILITY,origin.list,origin.list,2001-07-21 01:20:53.089082,563a9b455cee5fdb548f116b
db6sch102090911.wns.windows.com,AVAILABILITY,origin.list,origin.list,2001-07-21 01:20:53.096906,563a9b455cee5fdb548f116b
db6sch102091003.wns.windows.com,AVAILABILITY,origin.list,origin.list,2001-07-21 01:20:53.104528,563a9b455cee5fdb548f116b
db6sch102091007.wns.windows.com,AVAILABILITY,origin.list,origin.list,2001-07-21 01:20:53.112188,563a9b455cee5fdb548f116b
db6sch102091008.wns.windows.com,AVAILABILITY,origin.list,origin.list,2001-07-21 01:20:53.119367,563a9b455cee5fdb548f116b
db6sch102091009.wns.windows.com,AVAILABILITY,origin.list,origin.list,2001-07-21 01:20:53.126922,563a9b455cee5fdb548f116b
db6sch102091011.wns.windows.com,AVAILABILITY,origin.list,origin.list,2001-07-21 01:20:53.134815,563a9b455cee5fdb548f116b
db6sch102091103.wns.windows.com,AVAILABILITY,origin.list,origin.list,2001-07-21 01:20:53.142393,563a9b455cee5fdb548f116b
db6sch102091105.wns.windows.com,AVAILABILITY,origin.list,origin.list,2001-07-21 01:20:53.149232,563a9b455cee5fdb548f116b
db6sch102091204.wns.windows.com,AVAILABILITY,origin.list,origin.list,2001-07-21 01:20:53.157064,563a9b455cee5fdb548f116b
db6sch102091205.wns.windows.com,AVAILABILITY,origin.list,origin.list,2001-07-21 01:20:53.164644,563a9b455cee5fdb548f116b
db6sch102091209.wns.windows.com,AVAILABILITY,origin.list,origin.list,2001-07-21 01:20:53.173886,563a9b455cee5fdb548f116b
db6sch102091305.wns.windows.com,AVAILABILITY,origin.list,origin.list,2001-07-21 01:20:53.182285,563a9b455cee5fdb548f116b
db6sch102091307.wns.windows.com,AVAILABILITY,origin.list,origin.list,2001-07-21 01:20:53.189839,563a9b455cee5fdb548f116b
db6sch102091308.wns.windows.com,AVAILABILITY,origin.list,origin.list,2001-07-21 01:20:53.198140,563a9b455cee5fdb548f116b
db6sch102091309.wns.windows.com,AVAILABILITY,origin.list,origin.list,2001-07-21 01:20:53.206039,563a9b455cee5fdb548f116b
db6sch102091314.wns.windows.com,AVAILABILITY,origin.list,origin.list,2001-07-21 01:20:53.213538,563a9b455cee5fdb548f116b
db6sch102091412.wns.windows.com,AVAILABILITY,origin.list,origin.list,2001-07-21 01:20:53.221054,563a9b455cee5fdb548f116b
db6sch102091503.wns.windows.com,AVAILABILITY,origin.list,origin.list,2001-07-21 01:20:53.228883,563a9b455cee5fdb548f116b
db6sch102091507.wns.windows.com,AVAILABILITY,origin.list,origin.list,2001-07-21 01:20:53.236601,563a9b455cee5fdb548f116b
db6sch102091508.wns.windows.com,AVAILABILITY,origin.list,origin.list,2001-07-21 01:20:53.244070,563a9b455cee5fdb548f116b
db6sch102091602.wns.windows.com,AVAILABILITY,origin.list,origin.list,2001-07-21 01:20:53.251989,563a9b455cee5fdb548f116b
db6sch102091603.wns.windows.com,AVAILABILITY,origin.list,origin.list,2001-07-21 01:20:53.260130,563a9b455cee5fdb548f116b
db6sch102091606.wns.windows.com,AVAILABILITY,origin.list,origin.list,2001-07-21 01:20:53.268503,563a9b455cee5fdb548f116b
db6sch102091607.wns.windows.com,AVAILABILITY,origin.list,origin.list,2001-07-21 01:20:53.277579,563a9b455cee5fdb548f116b
displaycatalog.mp.microsoft.com,AVAILABILITY,origin.list,origin.list,2001-07-21 01:20:53.285870,563a9b455cee5fdb548f116b
definitionupdates.microsoft.com,AVAILABILITY,origin.list,origin.list,2001-07-21 01:20:53.295640,563a9b455cee5fdb548f116b
dl.delivery.mp.microsoft.com,AVAILABILITY,origin.list,origin.list,2001-07-21 01:20:53.305703,563a9b455cee5fdb548f116b
download.microsoft.com,AVAILABILITY,origin.list,origin.list,2001-07-21 01:20:53.315554,563a9b455cee5fdb548f116b
download.windowsupdate.com,AVAILABILITY,origin.list,origin.list,2001-07-21 01:20:53.326053,563a9b455cee5fdb548f116b
ds.download.windowsupdate.com,AVAILABILITY,origin.list,origin.list,2001-07-21 01:20:53.339037,563a9b455cee5fdb548f116b
emdl.ws.microsoft.com,AVAILABILITY,origin.list,origin.list,2001-07-21 01:20:53.348486,563a9b455cee5fdb548f116b
fe2.update.microsoft.com,AVAILABILITY,origin.list,origin.list,2001-07-21 01:20:53.358196,563a9b455cee5fdb548f116b
fe2.update.microsoft.com.akadns.net,AVAILABILITY,origin.list,origin.list,2001-07-21 01:20:53.368056,563a9b455cee5fdb548f116b
fe2.ws.microsoft.com,AVAILABILITY,origin.list,origin.list,2001-07-21 01:20:53.381368,563a9b455cee5fdb548f116b
fe2cr.update.microsoft.com,AVAILABILITY,origin.list,origin.list,2001-07-21 01:20:53.390883,563a9b455cee5fdb548f116b
fe3.delivery.dsp.mp.microsoft.com.nsatc.net,AVAILABILITY,origin.list,origin.list,2001-07-21 01:20:53.400473,563a9b455cee5fdb548f116b
fe3.delivery.mp.microsoft.com,AVAILABILITY,origin.list,origin.list,2001-07-21 01:20:53.410171,563a9b455cee5fdb548f116b
fe3cr.delivery.mp.microsoft.com,AVAILABILITY,origin.list,origin.list,2001-07-21 01:20:53.420093,563a9b455cee5fdb548f116b
fg.ds.b1.download.windowsupdate.com,AVAILABILITY,origin.list,origin.list,2001-07-21 01:20:53.429741,563a9b455cee5fdb548f116b
fg.v4.download.windowsupdate.com,AVAILABILITY,origin.list,origin.list,2001-07-21 01:20:53.440146,563a9b455cee5fdb548f116b
geo-prod.do.dsp.mp.microsoft.com,AVAILABILITY,origin.list,origin.list,2001-07-21 01:20:53.450576,563a9b455cee5fdb548f116b
geover-prod.do.dsp.mp.microsoft.com,AVAILABILITY,origin.list,origin.list,2001-07-21 01:20:53.465263,563a9b455cee5fdb548f116b
msedge.b.tlu.dl.delivery.mp.microsoft.com,AVAILABILITY,origin.list,origin.list,2001-07-21 01:20:53.473993,563a9b455cee5fdb548f116b
o-ring.msedge.net,AVAILABILITY,origin.list,origin.list,2001-07-21 01:20:53.485892,563a9b455cee5fdb548f116b
skydrive.wns.windows.com,AVAILABILITY,origin.list,origin.list,2001-07-21 01:20:53.495775,563a9b455cee5fdb548f116b
skydrivesync.policies.live.net,AVAILABILITY,origin.list,origin.list,2001-07-21 01:20:53.505349,563a9b455cee5fdb548f116b
sls.update.microsoft.com,AVAILABILITY,origin.list,origin.list,2001-07-21 01:20:53.514262,563a9b455cee5fdb548f116b
slscr.update.microsoft.com,AVAILABILITY,origin.list,origin.list,2001-07-21 01:20:53.523840,563a9b455cee5fdb548f116b
spo-ring.msedge.net,AVAILABILITY,origin.list,origin.list,2001-07-21 01:20:53.533884,563a9b455cee5fdb548f116b
statsfe2.update.microsoft.com,AVAILABILITY,origin.list,origin.list,2001-07-21 01:20:53.543343,563a9b455cee5fdb548f116b
statsfe1.ws.microsoft.com,AVAILABILITY,origin.list,origin.list,2001-07-21 01:20:53.553758,563a9b455cee5fdb548f116b
statsfe2.ws.microsoft.com,AVAILABILITY,origin.list,origin.list,2001-07-21 01:20:53.563167,563a9b455cee5fdb548f116b
tlu.dl.delivery.mp.microsoft.com,AVAILABILITY,origin.list,origin.list,2001-07-21 01:20:53.571402,563a9b455cee5fdb548f116b
tsfe.trafficshaping.dsp.mp.microsoft.com,AVAILABILITY,origin.list,origin.list,2001-07-21 01:20:53.584430,563a9b455cee5fdb548f116b
v4.download.windowsupdate.com,AVAILABILITY,origin.list,origin.list,2001-07-21 01:20:53.592905,563a9b455cee5fdb548f116b
windowsupdate.com,AVAILABILITY,origin.list,origin.list,2001-07-21 01:20:53.601825,563a9b455cee5fdb548f116b
www.download.windowsupdate.com,AVAILABILITY,origin.list,origin.list,2001-07-21 01:20:53.610522,563a9b455cee5fdb548f116b
00001b-1.l.windowsupdate.com,AVAILABILITY,origin.list,origin.list,2021-07-21 01:20:58.638821,563a9b455cee5fdb548f116b
000043-1.l.windowsupdate.com,AVAILABILITY,origin.list,origin.list,2021-07-21 01:21:03.495793,563a9b455cee5fdb548f116b
000061-1.l.windowsupdate.com,AVAILABILITY,origin.list,origin.list,2021-07-21 01:21:08.310035,563a9b455cee5fdb548f116b
0000a3-1.l.windowsupdate.com,AVAILABILITY,origin.list,origin.list,2021-07-21 01:21:13.211277,563a9b455cee5fdb548f116b
0000f2-1.l.windowsupdate.com,AVAILABILITY,origin.list,origin.list,2021-07-21 01:21:18.075109,563a9b455cee5fdb548f116b
0000f9-1.l.windowsupdate.com,AVAILABILITY,origin.list,origin.list,2021-07-21 01:21:22.881668,563a9b455cee5fdb548f116b
0000fe-1.l.windowsupdate.com,AVAILABILITY,origin.list,origin.list,2021-07-21 01:21:27.757200,563a9b455cee5fdb548f116b
00015e-1.l.windowsupdate.com,AVAILABILITY,origin.list,origin.list,2021-07-21 01:21:32.646228,563a9b455cee5fdb548f116b
0001a5-1.l.windowsupdate.com,AVAILABILITY,origin.list,origin.list,2021-07-21 01:21:37.488274,563a9b455cee5fdb548f116b
0001bc-1.l.windowsupdate.com,AVAILABILITY,origin.list,origin.list,2021-07-21 01:21:42.258522,563a9b455cee5fdb548f116b
0001d4-1.l.windowsupdate.com,AVAILABILITY,origin.list,origin.list,2021-07-21 01:21:47.095766,563a9b455cee5fdb548f116b
0001ed-1.l.windowsupdate.com,AVAILABILITY,origin.list,origin.list,2021-07-21 01:21:51.889423,563a9b455cee5fdb548f116b
000202-1.l.windowsupdate.com,AVAILABILITY,origin.list,origin.list,2021-07-21 01:21:56.762429,563a9b455cee5fdb548f116b
000238-1.l.windowsupdate.com,AVAILABILITY,origin.list,origin.list,2021-07-21 01:22:01.582394,563a9b455cee5fdb548f116b
000263-1.l.windowsupdate.com,AVAILABILITY,origin.list,origin.list,2021-07-21 01:22:06.460144,563a9b455cee5fdb548f116b
00028e-1.l.windowsupdate.com,AVAILABILITY,origin.list,origin.list,2021-07-21 01:22:11.313527,563a9b455cee5fdb548f116b
00028f-1.l.windowsupdate.com,AVAILABILITY,origin.list,origin.list,2021-07-21 01:22:16.137459,563a9b455cee5fdb548f116b
0002ae-1.l.windowsupdate.com,AVAILABILITY,origin.list,origin.list,2021-07-21 01:22:20.849188,563a9b455cee5fdb548f116b
0002c3-1.l.windowsupdate.com,AVAILABILITY,origin.list,origin.list,2021-07-21 01:22:25.703188,563a9b455cee5fdb548f116b
0002fd-1.l.windowsupdate.com,AVAILABILITY,origin.list,origin.list,2021-07-21 01:22:30.514032,563a9b455cee5fdb548f116b
000371-1.l.windowsupdate.com,AVAILABILITY,origin.list,origin.list,2021-07-21 01:22:35.346769,563a9b455cee5fdb548f116b
000396-1.l.windowsupdate.com,AVAILABILITY,origin.list,origin.list,2021-07-21 01:22:40.200983,563a9b455cee5fdb548f116b
0003fc-1.l.windowsupdate.com,AVAILABILITY,origin.list,origin.list,2021-07-21 01:22:45.036167,563a9b455cee5fdb548f116b
000410-1.l.windowsupdate.com,AVAILABILITY,origin.list,origin.list,2021-07-21 01:22:49.910908,563a9b455cee5fdb548f116b
000418-1.l.windowsupdate.com,AVAILABILITY,origin.list,origin.list,2021-07-21 01:22:54.751176,563a9b455cee5fdb548f116b
000452-1.l.windowsupdate.com,AVAILABILITY,origin.list,origin.list,2021-07-21 01:22:59.538152,563a9b455cee5fdb548f116b
000464-1.l.windowsupdate.com,AVAILABILITY,origin.list,origin.list,2021-07-21 01:23:04.405081,563a9b455cee5fdb548f116b
000498-1.l.windowsupdate.com,AVAILABILITY,origin.list,origin.list,2021-07-21 01:23:09.201347,563a9b455cee5fdb548f116b
0004ad-1.l.windowsupdate.com,AVAILABILITY,origin.list,origin.list,2021-07-21 01:23:14.004583,563a9b455cee5fdb548f116b
0004ee-1.l.windowsupdate.com,AVAILABILITY,origin.list,origin.list,2021-07-21 01:23:18.756383,563a9b455cee5fdb548f116b
0004f1-1.l.windowsupdate.com,AVAILABILITY,origin.list,origin.list,2021-07-21 01:23:23.572937,563a9b455cee5fdb548f116b
000502-1.l.windowsupdate.com,AVAILABILITY,origin.list,origin.list,2021-07-21 01:23:28.383802,563a9b455cee5fdb548f116b
00054d-1.l.windowsupdate.com,AVAILABILITY,origin.list,origin.list,2021-07-21 01:23:33.172644,563a9b455cee5fdb548f116b
000589-1.l.windowsupdate.com,AVAILABILITY,origin.list,origin.list,2021-07-21 01:23:37.927155,563a9b455cee5fdb548f116b
000646-1.l.windowsupdate.com,AVAILABILITY,origin.list,origin.list,2021-07-21 01:23:42.746389,563a9b455cee5fdb548f116b
0006df-1.l.windowsupdate.com,AVAILABILITY,origin.list,origin.list,2021-07-21 01:23:47.657497,563a9b455cee5fdb548f116b
0007be-1.l.windowsupdate.com,AVAILABILITY,origin.list,origin.list,2021-07-21 01:23:52.498298,563a9b455cee5fdb548f116b
0007e4-1.l.windowsupdate.com,AVAILABILITY,origin.list,origin.list,2021-07-21 01:23:57.248086,563a9b455cee5fdb548f116b
00081a-1.l.windowsupdate.com,AVAILABILITY,origin.list,origin.list,2021-07-21 01:24:02.019445,563a9b455cee5fdb548f116b
0008f7-1.l.windowsupdate.com,AVAILABILITY,origin.list,origin.list,2021-07-21 01:24:06.798502,563a9b455cee5fdb548f116b
000968-1.l.windowsupdate.com,AVAILABILITY,origin.list,origin.list,2021-07-21 01:24:11.596504,563a9b455cee5fdb548f116b
000989-1.l.windowsupdate.com,AVAILABILITY,origin.list,origin.list,2021-07-21 01:24:16.426754,563a9b455cee5fdb548f116b
0009a5-1.l.windowsupdate.com,AVAILABILITY,origin.list,origin.list,2021-07-21 01:24:21.303132,563a9b455cee5fdb548f116b
0009b8-1.l.windowsupdate.com,AVAILABILITY,origin.list,origin.list,2021-07-21 01:24:26.187988,563a9b455cee5fdb548f116b
0009fe-1.l.windowsupdate.com,AVAILABILITY,origin.list,origin.list,2021-07-21 01:24:31.022949,563a9b455cee5fdb548f116b
000a55-1.l.windowsupdate.com,AVAILABILITY,origin.list,origin.list,2021-07-21 01:24:35.853536,563a9b455cee5fdb548f116b
000a56-1.l.windowsupdate.com,AVAILABILITY,origin.list,origin.list,2021-07-21 01:24:40.667857,563a9b455cee5fdb548f116b
000a60-1.l.windowsupdate.com,AVAILABILITY,origin.list,origin.list,2021-07-21 01:24:45.518268,563a9b455cee5fdb548f116b
000afa-1.l.windowsupdate.com,AVAILABILITY,origin.list,origin.list,2021-07-21 01:24:50.314332,563a9b455cee5fdb548f116b
000b25-1.l.windowsupdate.com,AVAILABILITY,origin.list,origin.list,2021-07-21 01:24:55.133464,563a9b455cee5fdb548f116b
000b3d-1.l.windowsupdate.com,AVAILABILITY,origin.list,origin.list,2021-07-21 01:25:00.025631,563a9b455cee5fdb548f116b
000b62-1.l.windowsupdate.com,AVAILABILITY,origin.list,origin.list,2021-07-21 01:25:04.902036,563a9b455cee5fdb548f116b
000b78-1.l.windowsupdate.com,AVAILABILITY,origin.list,origin.list,2021-07-21 01:25:09.617704,563a9b455cee5fdb548f116b
000bc0-1.l.windowsupdate.com,AVAILABILITY,origin.list,origin.list,2021-07-21 01:25:14.447662,563a9b455cee5fdb548f116b
000bcf-1.l.windowsupdate.com,AVAILABILITY,origin.list,origin.list,2021-07-21 01:25:19.310419,563a9b455cee5fdb548f116b
000bdf-1.l.windowsupdate.com,AVAILABILITY,origin.list,origin.list,2021-07-21 01:25:24.219976,563a9b455cee5fdb548f116b
000be0-1.l.windowsupdate.com,AVAILABILITY,origin.list,origin.list,2021-07-21 01:25:29.114381,563a9b455cee5fdb548f116b
000c0c-1.l.windowsupdate.com,AVAILABILITY,origin.list,origin.list,2021-07-21 01:25:34.023975,563a9b455cee5fdb548f116b
000c19-1.l.windowsupdate.com,AVAILABILITY,origin.list,origin.list,2021-07-21 01:25:38.857657,563a9b455cee5fdb548f116b
000c27-1.l.windowsupdate.com,AVAILABILITY,origin.list,origin.list,2021-07-21 01:25:43.729693,563a9b455cee5fdb548f116b
000c33-1.l.windowsupdate.com,AVAILABILITY,origin.list,origin.list,2021-07-21 01:25:48.545827,563a9b455cee5fdb548f116b
000cb0-1.l.windowsupdate.com,AVAILABILITY,origin.list,origin.list,2021-07-21 01:25:53.372371,563a9b455cee5fdb548f116b
000cca-1.l.windowsupdate.com,AVAILABILITY,origin.list,origin.list,2021-07-21 01:25:58.203043,563a9b455cee5fdb548f116b
000d29-1.l.windowsupdate.com,AVAILABILITY,origin.list,origin.list,2021-07-21 01:26:03.003198,563a9b455cee5fdb548f116b
000d40-1.l.windowsupdate.com,AVAILABILITY,origin.list,origin.list,2021-07-21 01:26:07.854649,563a9b455cee5fdb548f116b
000d6d-1.l.windowsupdate.com,AVAILABILITY,origin.list,origin.list,2021-07-21 01:26:12.711462,563a9b455cee5fdb548f116b
000e78-1.l.windowsupdate.com,AVAILABILITY,origin.list,origin.list,2021-07-21 01:26:17.539387,563a9b455cee5fdb548f116b
000efd-1.l.windowsupdate.com,AVAILABILITY,origin.list,origin.list,2021-07-21 01:26:22.301449,563a9b455cee5fdb548f116b
000f40-1.l.windowsupdate.com,AVAILABILITY,origin.list,origin.list,2021-07-21 01:26:27.132551,563a9b455cee5fdb548f116b
001007-1.l.windowsupdate.com,AVAILABILITY,origin.list,origin.list,2021-07-21 01:26:32.009601,563a9b455cee5fdb548f116b
001056-1.l.windowsupdate.com,AVAILABILITY,origin.list,origin.list,2021-07-21 01:26:36.787064,563a9b455cee5fdb548f116b
001089-1.l.windowsupdate.com,AVAILABILITY,origin.list,origin.list,2021-07-21 01:26:41.756718,563a9b455cee5fdb548f116b
0010bb-1.l.windowsupdate.com,AVAILABILITY,origin.list,origin.list,2021-07-21 01:26:46.563619,563a9b455cee5fdb548f116b
0010da-1.l.windowsupdate.com,AVAILABILITY,origin.list,origin.list,2021-07-21 01:26:51.386809,563a9b455cee5fdb548f116b
0010e3-1.l.windowsupdate.com,AVAILABILITY,origin.list,origin.list,2021-07-21 01:26:56.201226,563a9b455cee5fdb548f116b
00111c-1.l.windowsupdate.com,AVAILABILITY,origin.list,origin.list,2021-07-21 01:27:01.138181,563a9b455cee5fdb548f116b
001173-1.l.windowsupdate.com,AVAILABILITY,origin.list,origin.list,2021-07-21 01:27:05.967609,563a9b455cee5fdb548f116b
0011da-1.l.windowsupdate.com,AVAILABILITY,origin.list,origin.list,2021-07-21 01:27:10.740832,563a9b455cee5fdb548f116b
0011f3-1.l.windowsupdate.com,AVAILABILITY,origin.list,origin.list,2021-07-21 01:27:15.537991,563a9b455cee5fdb548f116b
001233-1.l.windowsupdate.com,AVAILABILITY,origin.list,origin.list,2021-07-21 01:27:20.281236,563a9b455cee5fdb548f116b
00123a-1.l.windowsupdate.com,AVAILABILITY,origin.list,origin.list,2021-07-21 01:27:25.097297,563a9b455cee5fdb548f116b
001390-1.l.windowsupdate.com,AVAILABILITY,origin.list,origin.list,2021-07-21 01:27:29.989851,563a9b455cee5fdb548f116b
001402-1.l.windowsupdate.com,AVAILABILITY,origin.list,origin.list,2021-07-21 01:27:34.775823,563a9b455cee5fdb548f116b
00149f-1.l.windowsupdate.com,AVAILABILITY,origin.list,origin.list,2021-07-21 01:27:39.687735,563a9b455cee5fdb548f116b
0016c3-1.l.windowsupdate.com,AVAILABILITY,origin.list,origin.list,2021-07-21 01:27:44.528332,563a9b455cee5fdb548f116b
0017b1-1.l.windowsupdate.com,AVAILABILITY,origin.list,origin.list,2021-07-21 01:27:49.343325,563a9b455cee5fdb548f116b
0017c5-1.l.windowsupdate.com,AVAILABILITY,origin.list,origin.list,2021-07-21 01:27:54.213012,563a9b455cee5fdb548f116b
0017f1-1.l.windowsupdate.com,AVAILABILITY,origin.list,origin.list,2021-07-21 01:27:59.078831,563a9b455cee5fdb548f116b
00184b-1.l.windowsupdate.com,AVAILABILITY,origin.list,origin.list,2021-07-21 01:28:04.019937,563a9b455cee5fdb548f116b
00185d-1.l.windowsupdate.com,AVAILABILITY,origin.list,origin.list,2021-07-21 01:28:08.804715,563a9b455cee5fdb548f116b
001891-1.l.windowsupdate.com,AVAILABILITY,origin.list,origin.list,2021-07-21 01:28:13.650182,563a9b455cee5fdb548f116b
0018c4-1.l.windowsupdate.com,AVAILABILITY,origin.list,origin.list,2021-07-21 01:28:18.464682,563a9b455cee5fdb548f116b
001949-1.l.windowsupdate.com,AVAILABILITY,origin.list,origin.list,2021-07-21 01:28:23.307369,563a9b455cee5fdb548f116b
00196e-1.l.windowsupdate.com,AVAILABILITY,origin.list,origin.list,2021-07-21 01:28:28.114211,563a9b455cee5fdb548f116b
00198e-1.l.windowsupdate.com,AVAILABILITY,origin.list,origin.list,2021-07-21 01:28:32.952562,563a9b455cee5fdb548f116b
0019a2-1.l.windowsupdate.com,AVAILABILITY,origin.list,origin.list,2021-07-21 01:28:37.759887,563a9b455cee5fdb548f116b
0019d8-1.l.windowsupdate.com,AVAILABILITY,origin.list,origin.list,2021-07-21 01:28:42.533242,563a9b455cee5fdb548f116b
001a1f-1.l.windowsupdate.com,AVAILABILITY,origin.list,origin.list,2021-07-21 01:28:47.404005,563a9b455cee5fdb548f116b
001a27-1.l.windowsupdate.com,AVAILABILITY,origin.list,origin.list,2021-07-21 01:28:52.381202,563a9b455cee5fdb548f116b
001a32-1.l.windowsupdate.com,AVAILABILITY,origin.list,origin.list,2021-07-21 01:28:57.208092,563a9b455cee5fdb548f116b
001a43-1.l.windowsupdate.com,AVAILABILITY,origin.list,origin.list,2021-07-21 01:29:02.065493,563a9b455cee5fdb548f116b
001a83-1.l.windowsupdate.com,AVAILABILITY,origin.list,origin.list,2021-07-21 01:29:06.926010,563a9b455cee5fdb548f116b
001a92-1.l.windowsupdate.com,AVAILABILITY,origin.list,origin.list,2021-07-21 01:29:11.779765,563a9b455cee5fdb548f116b
001bb5-1.l.windowsupdate.com,AVAILABILITY,origin.list,origin.list,2021-07-21 01:29:16.523494,563a9b455cee5fdb548f116b
001c02-1.l.windowsupdate.com,AVAILABILITY,origin.list,origin.list,2021-07-21 01:29:21.263803,563a9b455cee5fdb548f116b
001cdc-1.l.windowsupdate.com,AVAILABILITY,origin.list,origin.list,2021-07-21 01:29:26.025754,563a9b455cee5fdb548f116b
001d09-1.l.windowsupdate.com,AVAILABILITY,origin.list,origin.list,2021-07-21 01:29:30.795377,563a9b455cee5fdb548f116b
001d1f-1.l.windowsupdate.com,AVAILABILITY,origin.list,origin.list,2021-07-21 01:29:35.670287,563a9b455cee5fdb548f116b
001d49-1.l.windowsupdate.com,AVAILABILITY,origin.list,origin.list,2021-07-21 01:29:40.490733,563a9b455cee5fdb548f116b
001d7a-1.l.windowsupdate.com,AVAILABILITY,origin.list,origin.list,2021-07-21 01:29:45.322045,563a9b455cee5fdb548f116b
001dc2-1.l.windowsupdate.com,AVAILABILITY,origin.list,origin.list,2021-07-21 01:29:50.195330,563a9b455cee5fdb548f116b
001e03-1.l.windowsupdate.com,AVAILABILITY,origin.list,origin.list,2021-07-21 01:29:55.027496,563a9b455cee5fdb548f116b
001e05-1.l.windowsupdate.com,AVAILABILITY,origin.list,origin.list,2021-07-21 01:29:59.919728,563a9b455cee5fdb548f116b
001e0c-1.l.windowsupdate.com,AVAILABILITY,origin.list,origin.list,2021-07-21 01:30:04.818696,563a9b455cee5fdb548f116b
001e0f-1.l.windowsupdate.com,AVAILABILITY,origin.list,origin.list,2021-07-21 01:30:09.747667,563a9b455cee5fdb548f116b
001e27-1.l.windowsupdate.com,AVAILABILITY,origin.list,origin.list,2021-07-21 01:30:14.535802,563a9b455cee5fdb548f116b
001e4b-1.l.windowsupdate.com,AVAILABILITY,origin.list,origin.list,2021-07-21 01:30:19.364679,563a9b455cee5fdb548f116b
001e8d-1.l.windowsupdate.com,AVAILABILITY,origin.list,origin.list,2021-07-21 01:30:24.200032,563a9b455cee5fdb548f116b
001e9c-1.l.windowsupdate.com,AVAILABILITY,origin.list,origin.list,2021-07-21 01:30:28.945108,563a9b455cee5fdb548f116b
001ec3-1.l.windowsupdate.com,AVAILABILITY,origin.list,origin.list,2021-07-21 01:30:33.814517,563a9b455cee5fdb548f116b
001f23-1.l.windowsupdate.com,AVAILABILITY,origin.list,origin.list,2021-07-21 01:30:38.667007,563a9b455cee5fdb548f116b
001f4f-1.l.windowsupdate.com,AVAILABILITY,origin.list,origin.list,2021-07-21 01:30:43.494693,563a9b455cee5fdb548f116b
001f7f-1.l.windowsupdate.com,AVAILABILITY,origin.list,origin.list,2021-07-21 01:30:48.325155,563a9b455cee5fdb548f116b
001fbb-1.l.windowsupdate.com,AVAILABILITY,origin.list,origin.list,2021-07-21 01:30:53.133528,563a9b455cee5fdb548f116b
002012-1.l.windowsupdate.com,AVAILABILITY,origin.list,origin.list,2021-07-21 01:30:57.904135,563a9b455cee5fdb548f116b
002062-1.l.windowsupdate.com,AVAILABILITY,origin.list,origin.list,2021-07-21 01:31:02.733658,563a9b455cee5fdb548f116b
0020a7-1.l.windowsupdate.com,AVAILABILITY,origin.list,origin.list,2021-07-21 01:31:07.518056,563a9b455cee5fdb548f116b
002108-1.l.windowsupdate.com,AVAILABILITY,origin.list,origin.list,2021-07-21 01:31:12.310129,563a9b455cee5fdb548f116b
00210c-1.l.windowsupdate.com,AVAILABILITY,origin.list,origin.list,2021-07-21 01:31:17.138035,563a9b455cee5fdb548f116b
00210e-1.l.windowsupdate.com,AVAILABILITY,origin.list,origin.list,2021-07-21 01:31:21.897372,563a9b455cee5fdb548f116b
002182-1.l.windowsupdate.com,AVAILABILITY,origin.list,origin.list,2021-07-21 01:31:26.628287,563a9b455cee5fdb548f116b
0021a0-1.l.windowsupdate.com,AVAILABILITY,origin.list,origin.list,2021-07-21 01:31:31.379609,563a9b455cee5fdb548f116b
0021d0-1.l.windowsupdate.com,AVAILABILITY,origin.list,origin.list,2021-07-21 01:31:36.156016,563a9b455cee5fdb548f116b
0021ff-1.l.windowsupdate.com,AVAILABILITY,origin.list,origin.list,2021-07-21 01:31:40.919194,563a9b455cee5fdb548f116b
00227f-1.l.windowsupdate.com,AVAILABILITY,origin.list,origin.list,2021-07-21 01:31:45.725073,563a9b455cee5fdb548f116b
0022a7-1.l.windowsupdate.com,AVAILABILITY,origin.list,origin.list,2021-07-21 01:31:50.530417,563a9b455cee5fdb548f116b
0022c1-1.l.windowsupdate.com,AVAILABILITY,origin.list,origin.list,2021-07-21 01:31:55.334195,563a9b455cee5fdb548f116b
0022db-1.l.windowsupdate.com,AVAILABILITY,origin.list,origin.list,2021-07-21 01:32:00.165974,563a9b455cee5fdb548f116b
0022e6-1.l.windowsupdate.com,AVAILABILITY,origin.list,origin.list,2021-07-21 01:32:05.000498,563a9b455cee5fdb548f116b
0022eb-1.l.windowsupdate.com,AVAILABILITY,origin.list,origin.list,2021-07-21 01:32:09.844900,563a9b455cee5fdb548f116b
00235c-1.l.windowsupdate.com,AVAILABILITY,origin.list,origin.list,2021-07-21 01:32:14.805560,563a9b455cee5fdb548f116b
002384-1.l.windowsupdate.com,AVAILABILITY,origin.list,origin.list,2021-07-21 01:32:19.651278,563a9b455cee5fdb548f116b
00238e-1.l.windowsupdate.com,AVAILABILITY,origin.list,origin.list,2021-07-21 01:32:24.497586,563a9b455cee5fdb548f116b
002394-1.l.windowsupdate.com,AVAILABILITY,origin.list,origin.list,2021-07-21 01:32:29.338843,563a9b455cee5fdb548f116b
0023c5-1.l.windowsupdate.com,AVAILABILITY,origin.list,origin.list,2021-07-21 01:32:34.165254,563a9b455cee5fdb548f116b
0023df-1.l.windowsupdate.com,AVAILABILITY,origin.list,origin.list,2021-07-21 01:32:39.054143,563a9b455cee5fdb548f116b
00249b-1.l.windowsupdate.com,AVAILABILITY,origin.list,origin.list,2021-07-21 01:32:43.927957,563a9b455cee5fdb548f116b
002518-1.l.windowsupdate.com,AVAILABILITY,origin.list,origin.list,2021-07-21 01:32:48.739162,563a9b455cee5fdb548f116b
002557-1.l.windowsupdate.com,AVAILABILITY,origin.list,origin.list,2021-07-21 01:32:53.487732,563a9b455cee5fdb548f116b
002562-1.l.windowsupdate.com,AVAILABILITY,origin.list,origin.list,2021-07-21 01:32:58.313154,563a9b455cee5fdb548f116b
0025be-1.l.windowsupdate.com,AVAILABILITY,origin.list,origin.list,2021-07-21 01:33:03.134001,563a9b455cee5fdb548f116b
0025ea-1.l.windowsupdate.com,AVAILABILITY,origin.list,origin.list,2021-07-21 01:33:07.861967,563a9b455cee5fdb548f116b
0025f2-1.l.windowsupdate.com,AVAILABILITY,origin.list,origin.list,2021-07-21 01:33:12.749068,563a9b455cee5fdb548f116b
00268c-1.l.windowsupdate.com,AVAILABILITY,origin.list,origin.list,2021-07-21 01:33:17.530982,563a9b455cee5fdb548f116b
0026a1-1.l.windowsupdate.com,AVAILABILITY,origin.list,origin.list,2021-07-21 01:33:22.448251,563a9b455cee5fdb548f116b
0026bc-1.l.windowsupdate.com,AVAILABILITY,origin.list,origin.list,2021-07-21 01:33:27.337983,563a9b455cee5fdb548f116b
adl.windows.com,AVAILABILITY,origin.list,origin.list,2021-07-21 01:33:33.126882,563a9b455cee5fdb548f116b
am3p.wns.windows.com,AVAILABILITY,origin.list,origin.list,2021-07-21 01:33:59.675682,563a9b455cee5fdb548f116b
arc-apac.msn.com,AVAILABILITY,origin.list,origin.list,2021-07-21 01:34:04.850629,563a9b455cee5fdb548f116b
array101-prod.do.dsp.mp.microsoft.com,AVAILABILITY,origin.list,origin.list,2021-07-21 01:34:10.048610,563a9b455cee5fdb548f116b
array102-prod.do.dsp.mp.microsoft.com,AVAILABILITY,origin.list,origin.list,2021-07-21 01:34:15.105599,563a9b455cee5fdb548f116b
array103-prod.do.dsp.mp.microsoft.com,AVAILABILITY,origin.list,origin.list,2021-07-21 01:34:20.120830,563a9b455cee5fdb548f116b
array104-prod.do.dsp.mp.microsoft.com,AVAILABILITY,origin.list,origin.list,2021-07-21 01:34:25.270185,563a9b455cee5fdb548f116b
array201-prod.do.dsp.mp.microsoft.com,AVAILABILITY,origin.list,origin.list,2021-07-21 01:34:30.148446,563a9b455cee5fdb548f116b
array202-prod.do.dsp.mp.microsoft.com,AVAILABILITY,origin.list,origin.list,2021-07-21 01:34:35.051094,563a9b455cee5fdb548f116b
array203-prod.do.dsp.mp.microsoft.com,AVAILABILITY,origin.list,origin.list,2021-07-21 01:34:40.500221,563a9b455cee5fdb548f116b
array204-prod.do.dsp.mp.microsoft.com,AVAILABILITY,origin.list,origin.list,2021-07-21 01:34:46.627339,563a9b455cee5fdb548f116b
array401-prod.do.dsp.mp.microsoft.com,AVAILABILITY,origin.list,origin.list,2021-07-21 01:34:51.809699,563a9b455cee5fdb548f116b
array402-prod.do.dsp.mp.microsoft.com,AVAILABILITY,origin.list,origin.list,2021-07-21 01:34:56.941338,563a9b455cee5fdb548f116b
array403-prod.do.dsp.mp.microsoft.com,AVAILABILITY,origin.list,origin.list,2021-07-21 01:35:02.125713,563a9b455cee5fdb548f116b
array404-prod.do.dsp.mp.microsoft.com,AVAILABILITY,origin.list,origin.list,2021-07-21 01:35:07.308360,563a9b455cee5fdb548f116b
array405-prod.do.dsp.mp.microsoft.com,AVAILABILITY,origin.list,origin.list,2021-07-21 01:35:12.400862,563a9b455cee5fdb548f116b
array406-prod.do.dsp.mp.microsoft.com,AVAILABILITY,origin.list,origin.list,2021-07-21 01:35:17.424452,563a9b455cee5fdb548f116b
array407-prod.do.dsp.mp.microsoft.com,AVAILABILITY,origin.list,origin.list,2021-07-21 01:35:22.415642,563a9b455cee5fdb548f116b
array408-prod.do.dsp.mp.microsoft.com,AVAILABILITY,origin.list,origin.list,2021-07-21 01:35:27.524056,563a9b455cee5fdb548f116b
array508.prod.do.dsp.mp.microsoft.com,AVAILABILITY,origin.list,origin.list,2021-07-21 01:35:51.811222,563a9b455cee5fdb548f116b
array509.prod.do.dsp.mp.microsoft.com,AVAILABILITY,origin.list,origin.list,2021-07-21 01:36:16.155412,563a9b455cee5fdb548f116b
array510.prod.do.dsp.mp.microsoft.com,AVAILABILITY,origin.list,origin.list,2021-07-21 01:36:40.390702,563a9b455cee5fdb548f116b
array511.prod.do.dsp.mp.microsoft.com,AVAILABILITY,origin.list,origin.list,2021-07-21 01:37:04.778139,563a9b455cee5fdb548f116b
array512.prod.do.dsp.mp.microsoft.com,AVAILABILITY,origin.list,origin.list,2021-07-21 01:37:29.054101,563a9b455cee5fdb548f116b
array513.prod.do.dsp.mp.microsoft.com,AVAILABILITY,origin.list,origin.list,2021-07-21 01:37:53.370675,563a9b455cee5fdb548f116b
array514.prod.do.dsp.mp.microsoft.com,AVAILABILITY,origin.list,origin.list,2021-07-21 01:38:17.805348,563a9b455cee5fdb548f116b
array515.prod.do.dsp.mp.microsoft.com,AVAILABILITY,origin.list,origin.list,2021-07-21 01:38:42.257486,563a9b455cee5fdb548f116b
array601.prod.do.dsp.mp.microsoft.com,AVAILABILITY,origin.list,origin.list,2021-07-21 01:39:06.671670,563a9b455cee5fdb548f116b
array602.prod.do.dsp.mp.microsoft.com,AVAILABILITY,origin.list,origin.list,2021-07-21 01:39:31.088804,563a9b455cee5fdb548f116b
array603.prod.do.dsp.mp.microsoft.com,AVAILABILITY,origin.list,origin.list,2021-07-21 01:39:55.507679,563a9b455cee5fdb548f116b
array604.prod.do.dsp.mp.microsoft.com,AVAILABILITY,origin.list,origin.list,2021-07-21 01:40:19.917730,563a9b455cee5fdb548f116b
array605.prod.do.dsp.mp.microsoft.com,AVAILABILITY,origin.list,origin.list,2021-07-21 01:40:44.224474,563a9b455cee5fdb548f116b
array606.prod.do.dsp.mp.microsoft.com,AVAILABILITY,origin.list,origin.list,2021-07-21 01:41:08.557438,563a9b455cee5fdb548f116b
array607.prod.do.dsp.mp.microsoft.com,AVAILABILITY,origin.list,origin.list,2021-07-21 01:49:02.664540,563a9b455cee5fdb548f116b
array608.prod.do.dsp.mp.microsoft.com,AVAILABILITY,origin.list,origin.list,2021-07-21 01:49:27.007820,563a9b455cee5fdb548f116b
array609.prod.do.dsp.mp.microsoft.com,AVAILABILITY,origin.list,origin.list,2021-07-21 01:49:51.326487,563a9b455cee5fdb548f116b
array610.prod.do.dsp.mp.microsoft.com,AVAILABILITY,origin.list,origin.list,2021-07-21 01:50:15.645006,563a9b455cee5fdb548f116b
array611.prod.do.dsp.mp.microsoft.com,AVAILABILITY,origin.list,origin.list,2021-07-21 01:50:39.992891,563a9b455cee5fdb548f116b
array612.prod.do.dsp.mp.microsoft.com,AVAILABILITY,origin.list,origin.list,2021-07-21 01:51:04.284157,563a9b455cee5fdb548f116b
array613.prod.do.dsp.mp.microsoft.com,AVAILABILITY,origin.list,origin.list,2021-07-21 01:51:28.607368,563a9b455cee5fdb548f116b
array614.prod.do.dsp.mp.microsoft.com,AVAILABILITY,origin.list,origin.list,2021-07-21 01:51:52.905244,563a9b455cee5fdb548f116b
array615.prod.do.dsp.mp.microsoft.com,AVAILABILITY,origin.list,origin.list,2021-07-21 01:52:17.227389,563a9b455cee5fdb548f116b
array616.prod.do.dsp.mp.microsoft.com,AVAILABILITY,origin.list,origin.list,2021-07-21 01:52:41.523242,563a9b455cee5fdb548f116b
array810.prod.do.dsp.mp.microsoft.com,AVAILABILITY,origin.list,origin.list,2021-07-21 01:53:05.805299,563a9b455cee5fdb548f116b
array811.prod.do.dsp.mp.microsoft.com,AVAILABILITY,origin.list,origin.list,2021-07-21 01:53:30.086147,563a9b455cee5fdb548f116b
array813.prod.do.dsp.mp.microsoft.com,AVAILABILITY,origin.list,origin.list,2021-07-21 01:53:54.351745,563a9b455cee5fdb548f116b
array815.prod.do.dsp.mp.microsoft.com,AVAILABILITY,origin.list,origin.list,2021-07-21 01:54:18.801140,563a9b455cee5fdb548f116b
au.download.windowsupdate.com,AVAILABILITY,origin.list,origin.list,2021-07-21 01:54:24.699521,563a9b455cee5fdb548f116b
au.v4.download.windowsupdate.com,AVAILABILITY,origin.list,origin.list,2021-07-21 01:54:30.638236,563a9b455cee5fdb548f116b
bg.v4.a.dl.ws.microsoft.com,AVAILABILITY,origin.list,origin.list,2021-07-21 01:54:36.990319,563a9b455cee5fdb548f116b
bg.v4.emdl.ws.microsoft.com,AVAILABILITY,origin.list,origin.list,2021-07-21 01:54:42.826985,563a9b455cee5fdb548f116b
bg1.v4.a.dl.ws.microsoft.com,AVAILABILITY,origin.list,origin.list,2021-07-21 01:54:48.935750,563a9b455cee5fdb548f116b
bg1.v4.emdl.ws.microsoft.com,AVAILABILITY,origin.list,origin.list,2021-07-21 01:54:54.655085,563a9b455cee5fdb548f116b
bg2.v4.a.dl.ws.microsoft.com,AVAILABILITY,origin.list,origin.list,2021-07-21 01:55:00.846657,563a9b455cee5fdb548f116b
bg2.v4.emdl.ws.microsoft.com,AVAILABILITY,origin.list,origin.list,2021-07-21 01:55:06.707981,563a9b455cee5fdb548f116b
bg3.v4.a.dl.ws.microsoft.com,AVAILABILITY,origin.list,origin.list,2021-07-21 01:55:12.571229,563a9b455cee5fdb548f116b
bg3.v4.emdl.ws.microsoft.com,AVAILABILITY,origin.list,origin.list,2021-07-21 01:55:18.347094,563a9b455cee5fdb548f116b
bg4.v4.a.dl.ws.microsoft.com,AVAILABILITY,origin.list,origin.list,2021-07-21 01:55:24.144392,563a9b455cee5fdb548f116b
bg4.v4.emdl.ws.microsoft.com,AVAILABILITY,origin.list,origin.list,2021-07-21 01:55:30.033216,563a9b455cee5fdb548f116b
bg5.v4.a.dl.ws.microsoft.com,AVAILABILITY,origin.list,origin.list,2021-07-21 01:55:35.661162,563a9b455cee5fdb548f116b
bg5.v4.emdl.ws.microsoft.com,AVAILABILITY,origin.list,origin.list,2021-07-21 01:55:41.518885,563a9b455cee5fdb548f116b
bl2p.wns.windows.com,AVAILABILITY,origin.list,origin.list,2021-07-21 01:55:47.946754,563a9b455cee5fdb548f116b
blob.sn4prdstr03a.store.core.windows.net,AVAILABILITY,origin.list,origin.list,2021-07-21 01:55:52.314141,563a9b455cee5fdb548f116b
client.wns.windows.com,AVAILABILITY,origin.list,origin.list,2021-07-21 01:56:17.919087,563a9b455cee5fdb548f116b
ctldl.windowsupdate.com,AVAILABILITY,origin.list,origin.list,2021-07-21 01:56:23.853444,563a9b455cee5fdb548f116b
db3wns2011111.wns.windows.com,AVAILABILITY,origin.list,origin.list,2021-07-21 01:56:29.173844,563a9b455cee5fdb548f116b
db5.wns.windows.com,AVAILABILITY,origin.list,origin.list,2021-07-21 01:56:55.209608,563a9b455cee5fdb548f116b
db5-dspcdn.tlu.dl.delivery.mp.microsoft.com,AVAILABILITY,origin.list,origin.list,2021-07-21 01:56:59.018162,563a9b455cee5fdb548f116b
db5p.wns.windows.com,AVAILABILITY,origin.list,origin.list,2021-07-21 01:57:05.498101,563a9b455cee5fdb548f116b
db5sch101100122.wns.windows.com,AVAILABILITY,origin.list,origin.list,2021-07-21 01:57:29.928622,563a9b455cee5fdb548f116b
db5sch101100127.wns.windows.com,AVAILABILITY,origin.list,origin.list,2021-07-21 01:57:54.367105,563a9b455cee5fdb548f116b
db5sch101100831.wns.windows.com,AVAILABILITY,origin.list,origin.list,2021-07-21 01:58:19.022103,563a9b455cee5fdb548f116b
db5sch101100835.wns.windows.com,AVAILABILITY,origin.list,origin.list,2021-07-21 01:58:43.429165,563a9b455cee5fdb548f116b
db5sch101100917.wns.windows.com,AVAILABILITY,origin.list,origin.list,2021-07-21 01:59:07.896192,563a9b455cee5fdb548f116b
db5sch101100925.wns.windows.com,AVAILABILITY,origin.list,origin.list,2021-07-21 01:59:32.412769,563a9b455cee5fdb548f116b
db5sch101100928.wns.windows.com,AVAILABILITY,origin.list,origin.list,2021-07-21 01:59:56.950802,563a9b455cee5fdb548f116b
db5sch101100938.wns.windows.com,AVAILABILITY,origin.list,origin.list,2021-07-21 02:00:21.372382,563a9b455cee5fdb548f116b
db5sch101101001.wns.windows.com,AVAILABILITY,origin.list,origin.list,2021-07-21 02:00:45.813088,563a9b455cee5fdb548f116b
db5sch101101022.wns.windows.com,AVAILABILITY,origin.list,origin.list,2021-07-21 02:01:10.179523,563a9b455cee5fdb548f116b
db5sch101101024.wns.windows.com,AVAILABILITY,origin.list,origin.list,2021-07-21 02:01:34.617592,563a9b455cee5fdb548f116b
db5sch101101031.wns.windows.com,AVAILABILITY,origin.list,origin.list,2021-07-21 02:01:59.058205,563a9b455cee5fdb548f116b
db5sch101101034.wns.windows.com,AVAILABILITY,origin.list,origin.list,2021-07-21 02:02:23.387553,563a9b455cee5fdb548f116b
db5sch101101042.wns.windows.com,AVAILABILITY,origin.list,origin.list,2021-07-21 02:02:47.759322,563a9b455cee5fdb548f116b
db5sch101101044.wns.windows.com,AVAILABILITY,origin.list,origin.list,2021-07-21 02:03:12.195622,563a9b455cee5fdb548f116b
db5sch101101122.wns.windows.com,AVAILABILITY,origin.list,origin.list,2021-07-21 02:03:36.574554,563a9b455cee5fdb548f116b
db5sch101101123.wns.windows.com,AVAILABILITY,origin.list,origin.list,2021-07-21 02:04:01.008269,563a9b455cee5fdb548f116b
db5sch101101125.wns.windows.com,AVAILABILITY,origin.list,origin.list,2021-07-21 02:04:25.478262,563a9b455cee5fdb548f116b
db5sch101101128.wns.windows.com,AVAILABILITY,origin.list,origin.list,2021-07-21 02:04:49.967292,563a9b455cee5fdb548f116b
db5sch101101129.wns.windows.com,AVAILABILITY,origin.list,origin.list,2021-07-21 02:05:14.415451,563a9b455cee5fdb548f116b
db5sch101101133.wns.windows.com,AVAILABILITY,origin.list,origin.list,2021-07-21 02:05:38.789890,563a9b455cee5fdb548f116b
db5sch101101145.wns.windows.com,AVAILABILITY,origin.list,origin.list,2021-07-21 02:06:03.239662,563a9b455cee5fdb548f116b
db5sch101101209.wns.windows.com,AVAILABILITY,origin.list,origin.list,2021-07-21 02:06:27.656741,563a9b455cee5fdb548f116b
db5sch101101221.wns.windows.com,AVAILABILITY,origin.list,origin.list,2021-07-21 02:06:52.093955,563a9b455cee5fdb548f116b
db5sch101101228.wns.windows.com,AVAILABILITY,origin.list,origin.list,2021-07-21 02:07:16.493839,563a9b455cee5fdb548f116b
db5sch101101231.wns.windows.com,AVAILABILITY,origin.list,origin.list,2021-07-21 02:07:40.867906,563a9b455cee5fdb548f116b
db5sch101101237.wns.windows.com,AVAILABILITY,origin.list,origin.list,2021-07-21 02:08:05.287771,563a9b455cee5fdb548f116b
db5sch101101317.wns.windows.com,AVAILABILITY,origin.list,origin.list,2021-07-21 02:08:29.690956,563a9b455cee5fdb548f116b
db5sch101101324.wns.windows.com,AVAILABILITY,origin.list,origin.list,2021-07-21 02:08:54.107860,563a9b455cee5fdb548f116b
db5sch101101329.wns.windows.com,AVAILABILITY,origin.list,origin.list,2021-07-21 02:20:35.220515,563a9b455cee5fdb548f116b
db5sch101101333.wns.windows.com,AVAILABILITY,origin.list,origin.list,2021-07-21 02:20:59.650687,563a9b455cee5fdb548f116b
db5sch101101334.wns.windows.com,AVAILABILITY,origin.list,origin.list,2021-07-21 02:21:24.092384,563a9b455cee5fdb548f116b
db5sch101101338.wns.windows.com,AVAILABILITY,origin.list,origin.list,2021-07-21 02:21:48.544910,563a9b455cee5fdb548f116b
db5sch101101419.wns.windows.com,AVAILABILITY,origin.list,origin.list,2021-07-21 02:22:12.910444,563a9b455cee5fdb548f116b
db5sch101101424.wns.windows.com,AVAILABILITY,origin.list,origin.list,2021-07-21 02:22:37.344155,563a9b455cee5fdb548f116b
db5sch101101426.wns.windows.com,AVAILABILITY,origin.list,origin.list,2021-07-21 02:23:01.750210,563a9b455cee5fdb548f116b
db5sch101101427.wns.windows.com,AVAILABILITY,origin.list,origin.list,2021-07-21 02:23:26.138658,563a9b455cee5fdb548f116b
db5sch101101430.wns.windows.com,AVAILABILITY,origin.list,origin.list,2021-07-21 02:23:50.560686,563a9b455cee5fdb548f116b
db5sch101101445.wns.windows.com,AVAILABILITY,origin.list,origin.list,2021-07-21 02:24:14.978192,563a9b455cee5fdb548f116b
db5sch101101511.wns.windows.com,AVAILABILITY,origin.list,origin.list,2021-07-21 02:24:39.347998,563a9b455cee5fdb548f116b
db5sch101101519.wns.windows.com,AVAILABILITY,origin.list,origin.list,2021-07-21 02:25:03.719361,563a9b455cee5fdb548f116b
db5sch101101529.wns.windows.com,AVAILABILITY,origin.list,origin.list,2021-07-21 02:25:28.180364,563a9b455cee5fdb548f116b
db5sch101101535.wns.windows.com,AVAILABILITY,origin.list,origin.list,2021-07-21 02:25:52.622564,563a9b455cee5fdb548f116b
db5sch101101541.wns.windows.com,AVAILABILITY,origin.list,origin.list,2021-07-21 02:26:17.041031,563a9b455cee5fdb548f116b
db5sch101101543.wns.windows.com,AVAILABILITY,origin.list,origin.list,2021-07-21 02:26:41.461472,563a9b455cee5fdb548f116b
db5sch101101608.wns.windows.com,AVAILABILITY,origin.list,origin.list,2021-07-21 02:27:05.936534,563a9b455cee5fdb548f116b
db5sch101101618.wns.windows.com,AVAILABILITY,origin.list,origin.list,2021-07-21 02:27:30.346060,563a9b455cee5fdb548f116b
db5sch101101629.wns.windows.com,AVAILABILITY,origin.list,origin.list,2021-07-21 02:27:54.912097,563a9b455cee5fdb548f116b
db5sch101101631.wns.windows.com,AVAILABILITY,origin.list,origin.list,2021-07-21 02:28:19.409716,563a9b455cee5fdb548f116b
db5sch101101633.wns.windows.com,AVAILABILITY,origin.list,origin.list,2021-07-21 02:28:43.831958,563a9b455cee5fdb548f116b
db5sch101101640.wns.windows.com,AVAILABILITY,origin.list,origin.list,2021-07-21 02:29:08.245395,563a9b455cee5fdb548f116b
db5sch101101711.wns.windows.com,AVAILABILITY,origin.list,origin.list,2021-07-21 02:29:32.735254,563a9b455cee5fdb548f116b
db5sch101101722.wns.windows.com,AVAILABILITY,origin.list,origin.list,2021-07-21 02:29:57.255359,563a9b455cee5fdb548f116b
db5sch101101739.wns.windows.com,AVAILABILITY,origin.list,origin.list,2021-07-21 02:30:21.650093,563a9b455cee5fdb548f116b
db5sch101101745.wns.windows.com,AVAILABILITY,origin.list,origin.list,2021-07-21 02:30:46.082424,563a9b455cee5fdb548f116b
db5sch101101813.wns.windows.com,AVAILABILITY,origin.list,origin.list,2021-07-21 02:31:10.492220,563a9b455cee5fdb548f116b
db5sch101101820.wns.windows.com,AVAILABILITY,origin.list,origin.list,2021-07-21 02:31:34.949129,563a9b455cee5fdb548f116b
db5sch101101826.wns.windows.com,AVAILABILITY,origin.list,origin.list,2021-07-21 02:31:59.369874,563a9b455cee5fdb548f116b
db5sch101101828.wns.windows.com,AVAILABILITY,origin.list,origin.list,2021-07-21 02:32:23.822397,563a9b455cee5fdb548f116b
db5sch101101835.wns.windows.com,AVAILABILITY,origin.list,origin.list,2021-07-21 02:32:48.242968,563a9b455cee5fdb548f116b
db5sch101101837.wns.windows.com,AVAILABILITY,origin.list,origin.list,2021-07-21 02:33:12.623158,563a9b455cee5fdb548f116b
db5sch101101844.wns.windows.com,AVAILABILITY,origin.list,origin.list,2021-07-21 02:33:37.084362,563a9b455cee5fdb548f116b
db5sch101101902.wns.windows.com,AVAILABILITY,origin.list,origin.list,2021-07-21 02:34:01.526945,563a9b455cee5fdb548f116b
db5sch101101907.wns.windows.com,AVAILABILITY,origin.list,origin.list,2021-07-21 02:34:25.944607,563a9b455cee5fdb548f116b
db5sch101101910.wns.windows.com,AVAILABILITY,origin.list,origin.list,2021-07-21 02:34:50.374370,563a9b455cee5fdb548f116b
db5sch101101914.wns.windows.com,AVAILABILITY,origin.list,origin.list,2021-07-21 02:35:14.933479,563a9b455cee5fdb548f116b
db5sch101101929.wns.windows.com,AVAILABILITY,origin.list,origin.list,2021-07-21 02:35:39.294145,563a9b455cee5fdb548f116b
db5sch101101939.wns.windows.com,AVAILABILITY,origin.list,origin.list,2021-07-21 02:36:03.669458,563a9b455cee5fdb548f116b
db5sch101101941.wns.windows.com,AVAILABILITY,origin.list,origin.list,2021-07-21 02:36:28.142494,563a9b455cee5fdb548f116b
db5sch101102015.wns.windows.com,AVAILABILITY,origin.list,origin.list,2021-07-21 02:36:52.511462,563a9b455cee5fdb548f116b
db5sch101102017.wns.windows.com,AVAILABILITY,origin.list,origin.list,2021-07-21 02:37:16.944861,563a9b455cee5fdb548f116b
db5sch101102019.wns.windows.com,AVAILABILITY,origin.list,origin.list,2021-07-21 02:37:41.366827,563a9b455cee5fdb548f116b
db5sch101102023.wns.windows.com,AVAILABILITY,origin.list,origin.list,2021-07-21 02:38:05.775389,563a9b455cee5fdb548f116b
db5sch101102025.wns.windows.com,AVAILABILITY,origin.list,origin.list,2021-07-21 02:38:30.257464,563a9b455cee5fdb548f116b
db5sch101102032.wns.windows.com,AVAILABILITY,origin.list,origin.list,2021-07-21 02:38:54.810749,563a9b455cee5fdb548f116b
db5sch101102033.wns.windows.com,AVAILABILITY,origin.list,origin.list,2021-07-21 02:39:19.325284,563a9b455cee5fdb548f116b
db5sch101110108.wns.windows.com,AVAILABILITY,origin.list,origin.list,2021-07-21 02:39:43.718981,563a9b455cee5fdb548f116b
db5sch101110109.wns.windows.com,AVAILABILITY,origin.list,origin.list,2021-07-21 02:40:08.144295,563a9b455cee5fdb548f116b
db5sch101110114.wns.windows.com,AVAILABILITY,origin.list,origin.list,2021-07-21 02:40:32.559561,563a9b455cee5fdb548f116b
db5sch101110135.wns.windows.com,AVAILABILITY,origin.list,origin.list,2021-07-21 02:45:13.935480,563a9b455cee5fdb548f116b
db5sch101110142.wns.windows.com,AVAILABILITY,origin.list,origin.list,2021-07-21 02:45:38.105589,563a9b455cee5fdb548f116b
db5sch101110204.wns.windows.com,AVAILABILITY,origin.list,origin.list,2021-07-21 02:46:02.308722,563a9b455cee5fdb548f116b
db5sch101110206.wns.windows.com,AVAILABILITY,origin.list,origin.list,2021-07-21 02:46:26.487568,563a9b455cee5fdb548f116b
db5sch101110214.wns.windows.com,AVAILABILITY,origin.list,origin.list,2021-07-21 02:46:50.657750,563a9b455cee5fdb548f116b
db5sch101110225.wns.windows.com,AVAILABILITY,origin.list,origin.list,2021-07-21 02:47:14.831833,563a9b455cee5fdb548f116b
db5sch101110232.wns.windows.com,AVAILABILITY,origin.list,origin.list,2021-07-21 02:47:39.010693,563a9b455cee5fdb548f116b
db5sch101110245.wns.windows.com,AVAILABILITY,origin.list,origin.list,2021-07-21 02:48:03.209371,563a9b455cee5fdb548f116b
db5sch101110315.wns.windows.com,AVAILABILITY,origin.list,origin.list,2021-07-21 02:48:27.388649,563a9b455cee5fdb548f116b
db5sch101110323.wns.windows.com,AVAILABILITY,origin.list,origin.list,2021-07-21 02:48:51.598929,563a9b455cee5fdb548f116b
db5sch101110325.wns.windows.com,AVAILABILITY,origin.list,origin.list,2021-07-21 02:49:15.755978,563a9b455cee5fdb548f116b
db5sch101110328.wns.windows.com,AVAILABILITY,origin.list,origin.list,2021-07-21 02:49:39.930098,563a9b455cee5fdb548f116b
db5sch101110331.wns.windows.com,AVAILABILITY,origin.list,origin.list,2021-07-21 02:50:04.111630,563a9b455cee5fdb548f116b
db5sch101110341.wns.windows.com,AVAILABILITY,origin.list,origin.list,2021-07-21 02:50:28.351521,563a9b455cee5fdb548f116b
db5sch101110343.wns.windows.com,AVAILABILITY,origin.list,origin.list,2021-07-21 02:50:52.506134,563a9b455cee5fdb548f116b
db5sch101110345.wns.windows.com,AVAILABILITY,origin.list,origin.list,2021-07-21 02:51:16.679529,563a9b455cee5fdb548f116b
db5sch101110403.wns.windows.com,AVAILABILITY,origin.list,origin.list,2021-07-21 02:51:40.847328,563a9b455cee5fdb548f116b
db5sch101110408.wns.windows.com,AVAILABILITY,origin.list,origin.list,2021-07-21 02:52:05.027682,563a9b455cee5fdb548f116b
db5sch101110419.wns.windows.com,AVAILABILITY,origin.list,origin.list,2021-07-21 02:52:29.216932,563a9b455cee5fdb548f116b
db5sch101110428.wns.windows.com,AVAILABILITY,origin.list,origin.list,2021-07-21 02:52:53.386044,563a9b455cee5fdb548f116b
db5sch101110435.wns.windows.com,AVAILABILITY,origin.list,origin.list,2021-07-21 02:53:17.576730,563a9b455cee5fdb548f116b
db5sch101110438.wns.windows.com,AVAILABILITY,origin.list,origin.list,2021-07-21 02:53:41.781042,563a9b455cee5fdb548f116b
db5sch101110442.wns.windows.com,AVAILABILITY,origin.list,origin.list,2021-07-21 02:54:05.968762,563a9b455cee5fdb548f116b
db5sch101110501.wns.windows.com,AVAILABILITY,origin.list,origin.list,2021-07-21 02:54:30.135704,563a9b455cee5fdb548f116b
db5sch101110510.wns.windows.com,AVAILABILITY,origin.list,origin.list,2021-07-21 02:54:54.325053,563a9b455cee5fdb548f116b
db5sch101110518.wns.windows.com,AVAILABILITY,origin.list,origin.list,2021-07-21 02:55:18.508375,563a9b455cee5fdb548f116b
db5sch101110527.wns.windows.com,AVAILABILITY,origin.list,origin.list,2021-07-21 02:55:42.703554,563a9b455cee5fdb548f116b
db5sch101110533.wns.windows.com,AVAILABILITY,origin.list,origin.list,2021-07-21 02:56:06.855664,563a9b455cee5fdb548f116b
db5sch101110618.wns.windows.com,AVAILABILITY,origin.list,origin.list,2021-07-21 02:56:31.047624,563a9b455cee5fdb548f116b
db5sch101110621.wns.windows.com,AVAILABILITY,origin.list,origin.list,2021-07-21 02:56:55.235796,563a9b455cee5fdb548f116b
db5sch101110622.wns.windows.com,AVAILABILITY,origin.list,origin.list,2021-07-21 02:57:19.421672,563a9b455cee5fdb548f116b
db5sch101110624.wns.windows.com,AVAILABILITY,origin.list,origin.list,2021-07-21 02:57:43.619767,563a9b455cee5fdb548f116b
db5sch101110626.wns.windows.com,AVAILABILITY,origin.list,origin.list,2021-07-21 02:58:07.781254,563a9b455cee5fdb548f116b
db5sch101110634.wns.windows.com,AVAILABILITY,origin.list,origin.list,2021-07-21 02:58:31.963558,563a9b455cee5fdb548f116b
db5sch101110705.wns.windows.com,AVAILABILITY,origin.list,origin.list,2021-07-21 02:58:56.158207,563a9b455cee5fdb548f116b
db5sch101110713.wns.windows.com,AVAILABILITY,origin.list,origin.list,2021-07-21 02:59:20.361494,563a9b455cee5fdb548f116b
db5sch101110724.wns.windows.com,AVAILABILITY,origin.list,origin.list,2021-07-21 02:59:44.524691,563a9b455cee5fdb548f116b
db5sch101110729.wns.windows.com,AVAILABILITY,origin.list,origin.list,2021-07-21 03:00:08.704799,563a9b455cee5fdb548f116b
db5sch101110740.wns.windows.com,AVAILABILITY,origin.list,origin.list,2021-07-21 03:00:32.888337,563a9b455cee5fdb548f116b
db5sch101110810.wns.windows.com,AVAILABILITY,origin.list,origin.list,2021-07-21 03:00:57.083951,563a9b455cee5fdb548f116b
db5sch101110816.wns.windows.com,AVAILABILITY,origin.list,origin.list,2021-07-21 03:01:21.281912,563a9b455cee5fdb548f116b
db5sch101110821.wns.windows.com,AVAILABILITY,origin.list,origin.list,2021-07-21 03:01:45.451585,563a9b455cee5fdb548f116b
db5sch101110822.wns.windows.com,AVAILABILITY,origin.list,origin.list,2021-07-21 03:02:09.650183,563a9b455cee5fdb548f116b
db5sch101110825.wns.windows.com,AVAILABILITY,origin.list,origin.list,2021-07-21 03:02:33.830466,563a9b455cee5fdb548f116b
db5sch101110828.wns.windows.com,AVAILABILITY,origin.list,origin.list,2021-07-21 03:02:57.982236,563a9b455cee5fdb548f116b
db5sch101110829.wns.windows.com,AVAILABILITY,origin.list,origin.list,2021-07-21 03:03:22.160216,563a9b455cee5fdb548f116b
db5sch101110831.wns.windows.com,AVAILABILITY,origin.list,origin.list,2021-07-21 03:03:46.355592,563a9b455cee5fdb548f116b
db5sch101110835.wns.windows.com,AVAILABILITY,origin.list,origin.list,2021-07-21 03:04:10.519325,563a9b455cee5fdb548f116b
db5sch101110919.wns.windows.com,AVAILABILITY,origin.list,origin.list,2021-07-21 03:04:34.701147,563a9b455cee5fdb548f116b
db5sch101110921.wns.windows.com,AVAILABILITY,origin.list,origin.list,2021-07-21 03:04:58.895243,563a9b455cee5fdb548f116b
